Geo,Year,Low-growth ,Medium growth ,High Growth,Count of Facilities
Prince Edward Island,2022,167.8,168.4,168.8,95
Prince Edward Island,2023,170.3,171.8,172.8,95
Prince Edward Island,2024,172.4,174.7,176.5,95
Prince Edward Island,2025,174.3,177.4,179.9,95
Prince Edward Island,2026,175.7,179.8,183,95
Prince Edward Island,2027,176.8,181.9,185.9,95
Prince Edward Island,2028,177.8,184,188.5,95
Prince Edward Island,2029,178.5,185.9,191.1,95
Prince Edward Island,2030,179.2,187.7,193.6,95
Prince Edward Island,2031,179.8,189.5,196.1,95
Prince Edward Island,2032,180.5,191.3,198.8,95
Prince Edward Island,2033,181.1,193.2,201.6,95
Prince Edward Island,2034,181.7,194.9,204.4,95
Prince Edward Island,2035,182.2,196.6,207.2,95
Prince Edward Island,2036,182.7,198.3,210.1,95
Prince Edward Island,2037,183.2,199.9,213,95
Prince Edward Island,2038,183.6,201.4,215.9,95
Prince Edward Island,2039,184,202.9,218.9,95
Prince Edward Island,2040,184.4,204.4,222,95
Prince Edward Island,2041,184.8,205.8,225,95
Prince Edward Island,2042,185.1,207.2,228.2,95
Prince Edward Island,2043,185.5,208.7,231.4,95
Prince Edward Island,2044,0,0,0,95
Prince Edward Island,2045,0,0,0,95
Prince Edward Island,2046,0,0,0,95
Prince Edward Island,2047,0,0,0,95
Prince Edward Island,2048,0,0,0,95
Prince Edward Island,2049,0,0,0,95
Prince Edward Island,2050,0,0,0,95
Prince Edward Island,2051,0,0,0,95
Prince Edward Island,2052,0,0,0,95
Nova Scotia,2022,"1,006.80","1,009.60","1,011.60",178
Nova Scotia,2023,"1,017.20","1,023.50","1,028.60",178
Nova Scotia,2024,"1,025.80","1,035.60","1,044.40",178
Nova Scotia,2025,"1,032.90","1,046.10","1,058.60",178
Nova Scotia,2026,"1,037.90","1,055.20","1,071.40",178
Nova Scotia,2027,"1,041.20","1,062.90","1,082.80",178
Nova Scotia,2028,"1,043.30","1,069.50","1,092.90",178
Nova Scotia,2029,"1,044.10","1,074.90","1,101.80",178
Nova Scotia,2030,"1,043.80","1,079.20","1,109.40",178
Nova Scotia,2031,"1,042.20","1,082.40","1,116.10",178
Nova Scotia,2032,"1,040.40","1,085.20","1,122.60",178
Nova Scotia,2033,"1,038.30","1,087.70","1,129.10",178
Nova Scotia,2034,"1,035.80","1,089.90","1,135.60",178
Nova Scotia,2035,"1,033.10","1,091.80","1,142.00",178
Nova Scotia,2036,"1,030.20","1,093.40","1,148.50",178
Nova Scotia,2037,"1,027.00","1,094.80","1,155.00",178
Nova Scotia,2038,"1,023.70","1,095.90","1,161.60",178
Nova Scotia,2039,"1,020.30","1,096.80","1,168.30",178
Nova Scotia,2040,"1,016.90","1,097.60","1,175.10",178
Nova Scotia,2041,"1,013.30","1,098.20","1,182.00",178
Nova Scotia,2042,"1,009.80","1,098.80","1,189.00",178
Nova Scotia,2043,"1,006.30","1,099.30","1,196.30",178
Nova Scotia,2044,0,0,0,178
Nova Scotia,2045,0,0,0,178
Nova Scotia,2046,0,0,0,178
Nova Scotia,2047,0,0,0,178
Nova Scotia,2048,0,0,0,178
Nova Scotia,2049,0,0,0,178
Nova Scotia,2050,0,0,0,178
Nova Scotia,2051,0,0,0,178
Nova Scotia,2052,0,0,0,178
New Brunswick,2022,795.9,797.5,798.4,170
New Brunswick,2023,800.5,804.3,806.8,170
New Brunswick,2024,804.6,810.6,815,170
New Brunswick,2025,808.2,816.4,822.8,170
New Brunswick,2026,810.8,821.7,830,170
New Brunswick,2027,812.6,826.6,836.7,170
New Brunswick,2028,813.7,830.8,842.9,170
New Brunswick,2029,814.1,834.5,848.6,170
New Brunswick,2030,813.9,837.7,853.7,170
New Brunswick,2031,813.1,840.3,858.5,170
New Brunswick,2032,812.2,842.7,863.2,170
New Brunswick,2033,811,844.9,868,170
New Brunswick,2034,809.6,846.9,872.7,170
New Brunswick,2035,808.1,848.7,877.5,170
New Brunswick,2036,806.4,850.2,882.3,170
New Brunswick,2037,804.5,851.6,887.2,170
New Brunswick,2038,802.5,852.8,892.1,170
New Brunswick,2039,800.4,853.8,897,170
New Brunswick,2040,798.1,854.7,902.1,170
New Brunswick,2041,795.8,855.6,907.2,170
New Brunswick,2042,793.5,856.3,912.4,170
New Brunswick,2043,791.1,857,917.8,170
New Brunswick,2044,0,0,0,170
New Brunswick,2045,0,0,0,170
New Brunswick,2046,0,0,0,170
New Brunswick,2047,0,0,0,170
New Brunswick,2048,0,0,0,170
New Brunswick,2049,0,0,0,170
New Brunswick,2050,0,0,0,170
New Brunswick,2051,0,0,0,170
New Brunswick,2052,0,0,0,170
Newfoundland and Labrador,2022,519.3,520.3,521.1,81
Newfoundland and Labrador,2023,517.2,519.5,521.4,81
Newfoundland and Labrador,2024,514.9,518.6,521.7,81
Newfoundland and Labrador,2025,512.5,517.5,522,81
Newfoundland and Labrador,2026,509.8,516.2,522.1,81
Newfoundland and Labrador,2027,506.8,514.9,522.1,81
Newfoundland and Labrador,2028,503.7,513.5,522,81
Newfoundland and Labrador,2029,500.3,511.9,521.7,81
Newfoundland and Labrador,2030,496.9,510.1,521.2,81
Newfoundland and Labrador,2031,493.2,508.2,520.5,81
Newfoundland and Labrador,2032,489.5,506.1,519.7,81
Newfoundland and Labrador,2033,485.6,504,518.9,81
Newfoundland and Labrador,2034,481.7,501.7,518.1,81
Newfoundland and Labrador,2035,477.7,499.3,517.2,81
Newfoundland and Labrador,2036,473.6,496.8,516.3,81
Newfoundland and Labrador,2037,469.5,494.3,515.4,81
Newfoundland and Labrador,2038,465.3,491.7,514.5,81
Newfoundland and Labrador,2039,461.1,489,513.5,81
Newfoundland and Labrador,2040,456.9,486.3,512.6,81
Newfoundland and Labrador,2041,452.7,483.5,511.5,81
Newfoundland and Labrador,2042,448.4,480.7,510.5,81
Newfoundland and Labrador,2043,444.2,477.9,509.5,81
Newfoundland and Labrador,2044,0,0,0,81
Newfoundland and Labrador,2045,0,0,0,81
Newfoundland and Labrador,2046,0,0,0,81
Newfoundland and Labrador,2047,0,0,0,81
Newfoundland and Labrador,2048,0,0,0,81
Newfoundland and Labrador,2049,0,0,0,81
Newfoundland and Labrador,2050,0,0,0,81
Newfoundland and Labrador,2051,0,0,0,81
Newfoundland and Labrador,2052,0,0,0,81
